<?xml version="1.0" encoding="UTF-8"?>
<adminoptions>
	<user uid="0">
		<defaultviews>
			<view type="user">1</view>
		</defaultviews>
		<permissions>
			<module name="config">
				<permission name="tab">0</permission>
				<permission name="settings">0</permission>
				<permission name="banning">0</permission>
				<permission name="profile_fields">0</permission>
				<permission name="smilies">0</permission>
				<permission name="badwords">0</permission>
				<permission name="mycode">0</permission>
				<permission name="languages">0</permission>
				<permission name="post_icons">0</permission>
				<permission name="help_documents">0</permission>
				<permission name="plugins">0</permission>
				<permission name="attachment_types">0</permission>
				<permission name="mod_tools">0</permission>
				<permission name="spiders">0</permission>
				<permission name="calendars">0</permission>
				<permission name="warning">0</permission>
				<permission name="thread_prefixes">0</permission>
				<permission name="questions">0</permission>
				<permission name="report_reasons">0</permission>
			</module>
			<module name="forum">
				<permission name="tab">0</permission>
				<permission name="management">0</permission>
				<permission name="announcements">0</permission>
				<permission name="moderation_queue">0</permission>
				<permission name="attachments">0</permission>
			</module>
			<module name="style">
				<permission name="tab">0</permission>
				<permission name="themes">0</permission>
				<permission name="templates">0</permission>
			</module>
			<module name="tools">
				<permission name="tab">0</permission>
				<permission name="system_health">0</permission>
				<permission name="cache">0</permission>
				<permission name="tasks">0</permission>
				<permission name="backupdb">0</permission>
				<permission name="optimizedb">0</permission>
				<permission name="adminlog">0</permission>
				<permission name="modlog">0</permission>
				<permission name="recount_rebuild">0</permission>
				<permission name="php_info">1</permission>
				<permission name="spamlog">0</permission>
				<permission name="maillogs">0</permission>
				<permission name="mailerrors">0</permission>
				<permission name="warninglog">0</permission>
				<permission name="statistics">0</permission>
				<permission name="file_verification">0</permission>
			</module>
			<module name="user">
				<permission name="tab">0</permission>
				<permission name="users">0</permission>
				<permission name="groups">0</permission>
				<permission name="titles">0</permission>
				<permission name="banning">0</permission>
				<permission name="admin_permissions">0</permission>
				<permission name="mass_mail">0</permission>
				<permission name="group_promotions">0</permission>
			</module>
		</permissions>
	</user>
	<user uid="-4">
		<defaultviews>
			<view type="user">1</view>
		</defaultviews>
		<permissions>
			<module name="config">
				<permission name="tab">1</permission>
				<permission name="settings">1</permission>
				<permission name="banning">1</permission>
				<permission name="profile_fields">1</permission>
				<permission name="smilies">1</permission>
				<permission name="badwords">1</permission>
				<permission name="mycode">1</permission>
				<permission name="languages">1</permission>
				<permission name="post_icons">1</permission>
				<permission name="help_documents">1</permission>
				<permission name="plugins">1</permission>
				<permission name="attachment_types">1</permission>
				<permission name="mod_tools">1</permission>
				<permission name="spiders">1</permission>
				<permission name="calendars">1</permission>
				<permission name="warning">1</permission>
				<permission name="thread_prefixes">1</permission>
				<permission name="questions">1</permission>
				<permission name="report_reasons">1</permission>
			</module>
			<module name="forum">
				<permission name="tab">1</permission>
				<permission name="management">1</permission>
				<permission name="announcements">1</permission>
				<permission name="moderation_queue">1</permission>
				<permission name="attachments">1</permission>
			</module>
			<module name="style">
				<permission name="tab">1</permission>
				<permission name="themes">1</permission>
				<permission name="templates">1</permission>
			</module>
			<module name="tools">
				<permission name="tab">1</permission>
				<permission name="system_health">1</permission>
				<permission name="cache">1</permission>
				<permission name="tasks">1</permission>
				<permission name="backupdb">1</permission>
				<permission name="optimizedb">1</permission>
				<permission name="adminlog">1</permission>
				<permission name="modlog">1</permission>
				<permission name="recount_rebuild">1</permission>
				<permission name="php_info">1</permission>
				<permission name="spamlog">1</permission>
				<permission name="maillogs">1</permission>
				<permission name="mailerrors">1</permission>
				<permission name="warninglog">1</permission>
				<permission name="statistics">1</permission>
				<permission name="file_verification">1</permission>
			</module>
			<module name="user">
				<permission name="tab">1</permission>
				<permission name="users">1</permission>
				<permission name="groups">1</permission>
				<permission name="titles">1</permission>
				<permission name="banning">1</permission>
				<permission name="admin_permissions">1</permission>
				<permission name="mass_mail">1</permission>
				<permission name="group_promotions">1</permission>
			</module>
		</permissions>
	</user>
	<user uid="1">
		<defaultviews>
			<view type="user">1</view>
		</defaultviews>
		<permissions>
			<module name="config">
				<permission name="tab">1</permission>
				<permission name="settings">1</permission>
				<permission name="banning">1</permission>
				<permission name="profile_fields">1</permission>
				<permission name="smilies">1</permission>
				<permission name="badwords">1</permission>
				<permission name="mycode">1</permission>
				<permission name="languages">1</permission>
				<permission name="post_icons">1</permission>
				<permission name="help_documents">1</permission>
				<permission name="plugins">1</permission>
				<permission name="attachment_types">1</permission>
				<permission name="mod_tools">1</permission>
				<permission name="spiders">1</permission>
				<permission name="calendars">1</permission>
				<permission name="warning">1</permission>
				<permission name="thread_prefixes">1</permission>
				<permission name="questions">1</permission>
				<permission name="report_reasons">1</permission>
			</module>
			<module name="forum">
				<permission name="tab">1</permission>
				<permission name="management">1</permission>
				<permission name="announcements">1</permission>
				<permission name="moderation_queue">1</permission>
				<permission name="attachments">1</permission>
			</module>
			<module name="style">
				<permission name="tab">1</permission>
				<permission name="themes">1</permission>
				<permission name="templates">1</permission>
			</module>
			<module name="tools">
				<permission name="tab">1</permission>
				<permission name="system_health">1</permission>
				<permission name="cache">1</permission>
				<permission name="tasks">1</permission>
				<permission name="backupdb">1</permission>
				<permission name="optimizedb">1</permission>
				<permission name="recount_rebuild">1</permission>
				<permission name="php_info">1</permission>
				<permission name="adminlog">1</permission>
				<permission name="modlog">1</permission>
				<permission name="spamlog">1</permission>
				<permission name="maillogs">1</permission>
				<permission name="mailerrors">1</permission>
				<permission name="warninglog">1</permission>
				<permission name="statistics">1</permission>
				<permission name="file_verification">1</permission>
			</module>
			<module name="user">
				<permission name="tab">1</permission>
				<permission name="users">1</permission>
				<permission name="groups">1</permission>
				<permission name="titles">1</permission>
				<permission name="banning">1</permission>
				<permission name="admin_permissions">1</permission>
				<permission name="mass_mail">1</permission>
				<permission name="group_promotions">1</permission>
			</module>
		</permissions>
	</user>
</adminoptions>