<?xml version="1.0" encoding="UTF-8"?>
<usergroups version="1600" exported="1166106966">
	<usergroup>
		<gid><![CDATA[1]]></gid>
		<type><![CDATA[1]]></type>
		<title><![CDATA[مهمان‌ها]]></title>
		<description><![CDATA[گروه پیش‌فرض تمام‌کاربرانی که هنوز وارد حساب خود نشده‌اند.]]></description>
		<namestyle><![CDATA[{username}]]></namestyle>
		<usertitle><![CDATA[عضونشده]]></usertitle>
		<stars><![CDATA[0]]></stars>
		<starimage><![CDATA[]]></starimage>
		<image><![CDATA[]]></image>
		<disporder><![CDATA[0]]></disporder>
		<isbannedgroup><![CDATA[0]]></isbannedgroup>
		<canview><![CDATA[1]]></canview>
		<canviewthreads><![CDATA[1]]></canviewthreads>
		<canviewprofiles><![CDATA[1]]></canviewprofiles>
		<candlattachments><![CDATA[0]]></candlattachments>
		<canpostthreads><![CDATA[0]]></canpostthreads>
		<canpostreplys><![CDATA[0]]></canpostreplys>
		<canpostattachments><![CDATA[0]]></canpostattachments>
		<canratethreads><![CDATA[0]]></canratethreads>
		<caneditposts><![CDATA[1]]></caneditposts>
		<candeleteposts><![CDATA[1]]></candeleteposts>
		<candeletethreads><![CDATA[1]]></candeletethreads>
		<caneditattachments><![CDATA[1]]></caneditattachments>
		<canpostpolls><![CDATA[0]]></canpostpolls>
		<canvotepolls><![CDATA[0]]></canvotepolls>
		<canundovotes><![CDATA[0]]></canundovotes>
		<canusepms><![CDATA[0]]></canusepms>
		<cansendpms><![CDATA[0]]></cansendpms>
		<cantrackpms><![CDATA[0]]></cantrackpms>
		<candenypmreceipts><![CDATA[0]]></candenypmreceipts>
		<pmquota><![CDATA[0]]></pmquota>
		<maxpmrecipients><![CDATA[5]]></maxpmrecipients>
		<cansendemail><![CDATA[0]]></cansendemail>
		<cansendemailoverride><![CDATA[0]]></cansendemailoverride>
		<maxemails><![CDATA[5]]></maxemails>
		<canviewmemberlist><![CDATA[1]]></canviewmemberlist>
		<canviewcalendar><![CDATA[1]]></canviewcalendar>
		<canaddevents><![CDATA[0]]></canaddevents>
		<canbypasseventmod><![CDATA[0]]></canbypasseventmod>
		<canmoderateevents><![CDATA[0]]></canmoderateevents>
		<canviewonline><![CDATA[1]]></canviewonline>
		<canviewwolinvis><![CDATA[0]]></canviewwolinvis>
		<canviewonlineips><![CDATA[0]]></canviewonlineips>
		<cancp><![CDATA[0]]></cancp>
		<issupermod><![CDATA[0]]></issupermod>
		<cansearch><![CDATA[1]]></cansearch>
		<canusercp><![CDATA[0]]></canusercp>
		<canuploadavatars><![CDATA[0]]></canuploadavatars>
		<canratemembers><![CDATA[0]]></canratemembers>
		<canchangename><![CDATA[0]]></canchangename>
		<showforumteam><![CDATA[0]]></showforumteam>
		<usereputationsystem><![CDATA[0]]></usereputationsystem>
		<cangivereputations><![CDATA[0]]></cangivereputations>
		<reputationpower><![CDATA[0]]></reputationpower>
		<maxreputationsday><![CDATA[0]]></maxreputationsday>
		<candisplaygroup><![CDATA[1]]></candisplaygroup>
		<attachquota><![CDATA[0]]></attachquota>
		<cancustomtitle><![CDATA[0]]></cancustomtitle>
		<canwarnusers><![CDATA[0]]></canwarnusers>
		<canreceivewarnings><![CDATA[0]]></canreceivewarnings>
		<canmodcp><![CDATA[0]]></canmodcp>
		<maxwarningsday><![CDATA[0]]></maxwarningsday>
		<showinbirthdaylist><![CDATA[0]]></showinbirthdaylist>
		<canoverridepm><![CDATA[0]]></canoverridepm>
		<canusesig><![CDATA[0]]></canusesig>
		<canusesigxposts><![CDATA[0]]></canusesigxposts>
		<signofollow><![CDATA[0]]></signofollow>
	</usergroup>
	<usergroup>
		<gid><![CDATA[2]]></gid>
		<type><![CDATA[1]]></type>
		<title><![CDATA[عضو شده]]></title>
		<description><![CDATA[بعد از عضویت، تمام کاربران در این گروه قرار می‌گیرند.]]></description>
		<namestyle><![CDATA[{username}]]></namestyle>
		<usertitle><![CDATA[]]></usertitle>
		<stars><![CDATA[0]]></stars>
		<starimage><![CDATA[images/star.gif]]></starimage>
		<image><![CDATA[]]></image>
		<disporder><![CDATA[0]]></disporder>
		<isbannedgroup><![CDATA[0]]></isbannedgroup>
		<canview><![CDATA[1]]></canview>
		<canviewthreads><![CDATA[1]]></canviewthreads>
		<canviewprofiles><![CDATA[1]]></canviewprofiles>
		<candlattachments><![CDATA[1]]></candlattachments>
		<canpostthreads><![CDATA[1]]></canpostthreads>
		<canpostreplys><![CDATA[1]]></canpostreplys>
		<canpostattachments><![CDATA[1]]></canpostattachments>
		<canratethreads><![CDATA[1]]></canratethreads>
		<caneditposts><![CDATA[1]]></caneditposts>
		<candeleteposts><![CDATA[1]]></candeleteposts>
		<candeletethreads><![CDATA[1]]></candeletethreads>
		<caneditattachments><![CDATA[1]]></caneditattachments>
		<canpostpolls><![CDATA[1]]></canpostpolls>
		<canvotepolls><![CDATA[1]]></canvotepolls>
		<canundovotes><![CDATA[0]]></canundovotes>
		<canusepms><![CDATA[1]]></canusepms>
		<cansendpms><![CDATA[1]]></cansendpms>
		<cantrackpms><![CDATA[1]]></cantrackpms>
		<candenypmreceipts><![CDATA[1]]></candenypmreceipts>
		<pmquota><![CDATA[200]]></pmquota>
		<maxpmrecipients><![CDATA[5]]></maxpmrecipients>
		<cansendemail><![CDATA[1]]></cansendemail>
		<cansendemailoverride><![CDATA[0]]></cansendemailoverride>
		<maxemails><![CDATA[5]]></maxemails>
		<canviewmemberlist><![CDATA[1]]></canviewmemberlist>
		<canviewcalendar><![CDATA[1]]></canviewcalendar>
		<canaddevents><![CDATA[1]]></canaddevents>
		<canbypasseventmod><![CDATA[0]]></canbypasseventmod>
		<canmoderateevents><![CDATA[0]]></canmoderateevents>
		<canviewonline><![CDATA[1]]></canviewonline>
		<canviewwolinvis><![CDATA[0]]></canviewwolinvis>
		<canviewonlineips><![CDATA[0]]></canviewonlineips>
		<cancp><![CDATA[0]]></cancp>
		<issupermod><![CDATA[0]]></issupermod>
		<cansearch><![CDATA[1]]></cansearch>
		<canusercp><![CDATA[1]]></canusercp>
		<canuploadavatars><![CDATA[1]]></canuploadavatars>
		<canratemembers><![CDATA[1]]></canratemembers>
		<canchangename><![CDATA[0]]></canchangename>
		<showforumteam><![CDATA[0]]></showforumteam>
		<usereputationsystem><![CDATA[1]]></usereputationsystem>
		<cangivereputations><![CDATA[1]]></cangivereputations>
		<reputationpower><![CDATA[1]]></reputationpower>
		<maxreputationsday><![CDATA[5]]></maxreputationsday>
		<candisplaygroup><![CDATA[1]]></candisplaygroup>
		<attachquota><![CDATA[0]]></attachquota>
		<cancustomtitle><![CDATA[1]]></cancustomtitle>
		<canwarnusers><![CDATA[0]]></canwarnusers>
		<canreceivewarnings><![CDATA[1]]></canreceivewarnings>
		<maxwarningsday><![CDATA[0]]></maxwarningsday>
		<canmodcp><![CDATA[0]]></canmodcp>
		<showinbirthdaylist><![CDATA[1]]></showinbirthdaylist>
		<canoverridepm><![CDATA[0]]></canoverridepm>
		<canusesig><![CDATA[1]]></canusesig>
		<canusesigxposts><![CDATA[0]]></canusesigxposts>
		<signofollow><![CDATA[0]]></signofollow>
	</usergroup>
	<usergroup>
		<gid><![CDATA[3]]></gid>
		<type><![CDATA[1]]></type>
		<title><![CDATA[مدیران ارشد]]></title>
		<description><![CDATA[این کاربران می‌توانند هر انجمنی را مدیریت کنند.]]></description>
		<namestyle><![CDATA[<span style="color: #CC00CC;"><strong>{username}</strong></span>]]></namestyle>
		<usertitle><![CDATA[مدیر ارشد]]></usertitle>
		<stars><![CDATA[6]]></stars>
		<starimage><![CDATA[images/star.gif]]></starimage>
		<image><![CDATA[]]></image>
		<disporder><![CDATA[0]]></disporder>
		<isbannedgroup><![CDATA[0]]></isbannedgroup>
		<canview><![CDATA[1]]></canview>
		<canviewthreads><![CDATA[1]]></canviewthreads>
		<canviewprofiles><![CDATA[1]]></canviewprofiles>
		<candlattachments><![CDATA[1]]></candlattachments>
		<canpostthreads><![CDATA[1]]></canpostthreads>
		<canpostreplys><![CDATA[1]]></canpostreplys>
		<canpostattachments><![CDATA[1]]></canpostattachments>
		<canratethreads><![CDATA[1]]></canratethreads>
		<caneditposts><![CDATA[1]]></caneditposts>
		<candeleteposts><![CDATA[1]]></candeleteposts>
		<candeletethreads><![CDATA[1]]></candeletethreads>
		<caneditattachments><![CDATA[1]]></caneditattachments>
		<canpostpolls><![CDATA[1]]></canpostpolls>
		<canvotepolls><![CDATA[1]]></canvotepolls>
		<canundovotes><![CDATA[1]]></canundovotes>
		<canusepms><![CDATA[1]]></canusepms>
		<cansendpms><![CDATA[1]]></cansendpms>
		<cantrackpms><![CDATA[1]]></cantrackpms>
		<candenypmreceipts><![CDATA[1]]></candenypmreceipts>
		<pmquota><![CDATA[250]]></pmquota>
		<maxpmrecipients><![CDATA[5]]></maxpmrecipients>
		<cansendemail><![CDATA[1]]></cansendemail>
		<cansendemailoverride><![CDATA[0]]></cansendemailoverride>
		<maxemails><![CDATA[10]]></maxemails>
		<canviewmemberlist><![CDATA[1]]></canviewmemberlist>
		<canviewcalendar><![CDATA[1]]></canviewcalendar>
		<canaddevents><![CDATA[1]]></canaddevents>
		<canbypasseventmod><![CDATA[1]]></canbypasseventmod>
		<canmoderateevents><![CDATA[1]]></canmoderateevents>
		<canviewonline><![CDATA[1]]></canviewonline>
		<canviewwolinvis><![CDATA[1]]></canviewwolinvis>
		<canviewonlineips><![CDATA[1]]></canviewonlineips>
		<cancp><![CDATA[0]]></cancp>
		<issupermod><![CDATA[1]]></issupermod>
		<cansearch><![CDATA[1]]></cansearch>
		<canusercp><![CDATA[1]]></canusercp>
		<canuploadavatars><![CDATA[1]]></canuploadavatars>
		<canratemembers><![CDATA[1]]></canratemembers>
		<canchangename><![CDATA[1]]></canchangename>
		<showforumteam><![CDATA[1]]></showforumteam>
		<usereputationsystem><![CDATA[1]]></usereputationsystem>
		<cangivereputations><![CDATA[1]]></cangivereputations>
		<reputationpower><![CDATA[1]]></reputationpower>
		<maxreputationsday><![CDATA[10]]></maxreputationsday>
		<candisplaygroup><![CDATA[1]]></candisplaygroup>
		<attachquota><![CDATA[0]]></attachquota>
		<cancustomtitle><![CDATA[1]]></cancustomtitle>
		<canwarnusers><![CDATA[1]]></canwarnusers>
		<canreceivewarnings><![CDATA[1]]></canreceivewarnings>
		<maxwarningsday><![CDATA[3]]></maxwarningsday>
		<canmodcp><![CDATA[1]]></canmodcp>
		<showinbirthdaylist><![CDATA[1]]></showinbirthdaylist>
		<canoverridepm><![CDATA[0]]></canoverridepm>
		<canusesig><![CDATA[1]]></canusesig>
		<canusesigxposts><![CDATA[0]]></canusesigxposts>
		<signofollow><![CDATA[0]]></signofollow>
	</usergroup>
	<usergroup>
		<gid><![CDATA[4]]></gid>
		<type><![CDATA[1]]></type>
		<title><![CDATA[مدیران کل]]></title>
		<description><![CDATA[همه مدیران کل متعلق به این گروه هستند.]]></description>
		<namestyle><![CDATA[<span style="color: green;"><strong><em>{username}</em></strong></span>]]></namestyle>
		<usertitle><![CDATA[مدیریت کل]]></usertitle>
		<stars><![CDATA[7]]></stars>
		<starimage><![CDATA[images/star.gif]]></starimage>
		<image><![CDATA[]]></image>
		<disporder><![CDATA[0]]></disporder>
		<isbannedgroup><![CDATA[0]]></isbannedgroup>
		<canview><![CDATA[1]]></canview>
		<canviewthreads><![CDATA[1]]></canviewthreads>
		<canviewprofiles><![CDATA[1]]></canviewprofiles>
		<candlattachments><![CDATA[1]]></candlattachments>
		<canpostthreads><![CDATA[1]]></canpostthreads>
		<canpostreplys><![CDATA[1]]></canpostreplys>
		<canpostattachments><![CDATA[1]]></canpostattachments>
		<canratethreads><![CDATA[1]]></canratethreads>
		<caneditposts><![CDATA[1]]></caneditposts>
		<candeleteposts><![CDATA[1]]></candeleteposts>
		<candeletethreads><![CDATA[1]]></candeletethreads>
		<caneditattachments><![CDATA[1]]></caneditattachments>
		<canpostpolls><![CDATA[1]]></canpostpolls>
		<canvotepolls><![CDATA[1]]></canvotepolls>
		<canundovotes><![CDATA[1]]></canundovotes>
		<canusepms><![CDATA[1]]></canusepms>
		<cansendpms><![CDATA[1]]></cansendpms>
		<cantrackpms><![CDATA[1]]></cantrackpms>
		<candenypmreceipts><![CDATA[1]]></candenypmreceipts>
		<pmquota><![CDATA[0]]></pmquota>
		<maxpmrecipients><![CDATA[0]]></maxpmrecipients>
		<cansendemail><![CDATA[1]]></cansendemail>
		<cansendemailoverride><![CDATA[0]]></cansendemailoverride>
		<maxemails><![CDATA[0]]></maxemails>
		<canviewmemberlist><![CDATA[1]]></canviewmemberlist>
		<canviewcalendar><![CDATA[1]]></canviewcalendar>
		<canaddevents><![CDATA[1]]></canaddevents>
		<canbypasseventmod><![CDATA[1]]></canbypasseventmod>
		<canmoderateevents><![CDATA[1]]></canmoderateevents>
		<canviewonline><![CDATA[1]]></canviewonline>
		<canviewwolinvis><![CDATA[1]]></canviewwolinvis>
		<canviewonlineips><![CDATA[1]]></canviewonlineips>
		<cancp><![CDATA[1]]></cancp>
		<issupermod><![CDATA[1]]></issupermod>
		<cansearch><![CDATA[1]]></cansearch>
		<canusercp><![CDATA[1]]></canusercp>
		<canuploadavatars><![CDATA[1]]></canuploadavatars>
		<canratemembers><![CDATA[1]]></canratemembers>
		<canchangename><![CDATA[1]]></canchangename>
		<showforumteam><![CDATA[1]]></showforumteam>
		<usereputationsystem><![CDATA[1]]></usereputationsystem>
		<cangivereputations><![CDATA[1]]></cangivereputations>
		<reputationpower><![CDATA[2]]></reputationpower>
		<maxreputationsday><![CDATA[0]]></maxreputationsday>
		<candisplaygroup><![CDATA[1]]></candisplaygroup>
		<attachquota><![CDATA[0]]></attachquota>
		<cancustomtitle><![CDATA[1]]></cancustomtitle>
		<canwarnusers><![CDATA[1]]></canwarnusers>
		<canreceivewarnings><![CDATA[1]]></canreceivewarnings>
		<maxwarningsday><![CDATA[0]]></maxwarningsday>
		<canmodcp><![CDATA[1]]></canmodcp>
		<showinbirthdaylist><![CDATA[1]]></showinbirthdaylist>
		<canoverridepm><![CDATA[0]]></canoverridepm>
		<canusesig><![CDATA[1]]></canusesig>
		<canusesigxposts><![CDATA[0]]></canusesigxposts>
		<signofollow><![CDATA[0]]></signofollow>
	</usergroup>
	<usergroup>
		<gid><![CDATA[5]]></gid>
		<type><![CDATA[1]]></type>
		<title><![CDATA[منتظر فعال سازی]]></title>
		<description><![CDATA[کاربرانی که هنوز حساب کاربری آنها توسط ایمیل یا به‌صورت دستی فعال نشده‌است.]]></description>
		<namestyle><![CDATA[{username}]]></namestyle>
		<usertitle><![CDATA[حساب فعال نشده]]></usertitle>
		<stars><![CDATA[0]]></stars>
		<starimage><![CDATA[images/star.gif]]></starimage>
		<image><![CDATA[]]></image>
		<disporder><![CDATA[0]]></disporder>
		<isbannedgroup><![CDATA[0]]></isbannedgroup>
		<canview><![CDATA[1]]></canview>
		<canviewthreads><![CDATA[1]]></canviewthreads>
		<canviewprofiles><![CDATA[1]]></canviewprofiles>
		<candlattachments><![CDATA[0]]></candlattachments>
		<canpostthreads><![CDATA[0]]></canpostthreads>
		<canpostreplys><![CDATA[0]]></canpostreplys>
		<canpostattachments><![CDATA[0]]></canpostattachments>
		<canratethreads><![CDATA[0]]></canratethreads>
		<caneditposts><![CDATA[0]]></caneditposts>
		<candeleteposts><![CDATA[0]]></candeleteposts>
		<candeletethreads><![CDATA[0]]></candeletethreads>
		<caneditattachments><![CDATA[0]]></caneditattachments>
		<canpostpolls><![CDATA[0]]></canpostpolls>
		<canvotepolls><![CDATA[0]]></canvotepolls>
		<canundovotes><![CDATA[0]]></canundovotes>
		<canusepms><![CDATA[0]]></canusepms>
		<cansendpms><![CDATA[0]]></cansendpms>
		<cantrackpms><![CDATA[0]]></cantrackpms>
		<candenypmreceipts><![CDATA[0]]></candenypmreceipts>
		<pmquota><![CDATA[20]]></pmquota>
		<maxpmrecipients><![CDATA[5]]></maxpmrecipients>
		<cansendemail><![CDATA[0]]></cansendemail>
		<cansendemailoverride><![CDATA[0]]></cansendemailoverride>
		<maxemails><![CDATA[5]]></maxemails>
		<canviewmemberlist><![CDATA[1]]></canviewmemberlist>
		<canviewcalendar><![CDATA[1]]></canviewcalendar>
		<canaddevents><![CDATA[0]]></canaddevents>
		<canbypasseventmod><![CDATA[0]]></canbypasseventmod>
		<canmoderateevents><![CDATA[0]]></canmoderateevents>
		<canviewonline><![CDATA[1]]></canviewonline>
		<canviewwolinvis><![CDATA[0]]></canviewwolinvis>
		<canviewonlineips><![CDATA[0]]></canviewonlineips>
		<cancp><![CDATA[0]]></cancp>
		<issupermod><![CDATA[0]]></issupermod>
		<cansearch><![CDATA[1]]></cansearch>
		<canusercp><![CDATA[1]]></canusercp>
		<canuploadavatars><![CDATA[0]]></canuploadavatars>
		<canratemembers><![CDATA[0]]></canratemembers>
		<canchangename><![CDATA[0]]></canchangename>
		<showforumteam><![CDATA[0]]></showforumteam>
		<usereputationsystem><![CDATA[0]]></usereputationsystem>
		<cangivereputations><![CDATA[0]]></cangivereputations>
		<reputationpower><![CDATA[0]]></reputationpower>
		<maxreputationsday><![CDATA[0]]></maxreputationsday>
		<candisplaygroup><![CDATA[1]]></candisplaygroup>
		<attachquota><![CDATA[0]]></attachquota>
		<cancustomtitle><![CDATA[0]]></cancustomtitle>
		<canwarnusers><![CDATA[0]]></canwarnusers>
		<canreceivewarnings><![CDATA[0]]></canreceivewarnings>
		<maxwarningsday><![CDATA[0]]></maxwarningsday>
		<canmodcp><![CDATA[0]]></canmodcp>
		<showinbirthdaylist><![CDATA[1]]></showinbirthdaylist>
		<canoverridepm><![CDATA[0]]></canoverridepm>
		<canusesig><![CDATA[0]]></canusesig>
		<canusesigxposts><![CDATA[0]]></canusesigxposts>
		<signofollow><![CDATA[0]]></signofollow>
	</usergroup>
	<usergroup>
		<gid><![CDATA[6]]></gid>
		<type><![CDATA[1]]></type>
		<title><![CDATA[مدیران]]></title>
		<description><![CDATA[این کاربران می‌توانند بعضی از انجمن‌ها را مدیریت کنند.]]></description>
		<namestyle><![CDATA[<span style="color: #CC00CC;"><strong>{username}</strong></span>]]></namestyle>
		<usertitle><![CDATA[مدیر]]></usertitle>
		<stars><![CDATA[5]]></stars>
		<starimage><![CDATA[images/star.gif]]></starimage>
		<image><![CDATA[]]></image>
		<disporder><![CDATA[0]]></disporder>
		<isbannedgroup><![CDATA[0]]></isbannedgroup>
		<canview><![CDATA[1]]></canview>
		<canviewthreads><![CDATA[1]]></canviewthreads>
		<canviewprofiles><![CDATA[1]]></canviewprofiles>
		<candlattachments><![CDATA[1]]></candlattachments>
		<canpostthreads><![CDATA[1]]></canpostthreads>
		<canpostreplys><![CDATA[1]]></canpostreplys>
		<canpostattachments><![CDATA[1]]></canpostattachments>
		<canratethreads><![CDATA[1]]></canratethreads>
		<caneditposts><![CDATA[1]]></caneditposts>
		<candeleteposts><![CDATA[1]]></candeleteposts>
		<candeletethreads><![CDATA[1]]></candeletethreads>
		<caneditattachments><![CDATA[1]]></caneditattachments>
		<canpostpolls><![CDATA[1]]></canpostpolls>
		<canvotepolls><![CDATA[1]]></canvotepolls>
		<canundovotes><![CDATA[0]]></canundovotes>
		<canusepms><![CDATA[1]]></canusepms>
		<cansendpms><![CDATA[1]]></cansendpms>
		<cantrackpms><![CDATA[1]]></cantrackpms>
		<candenypmreceipts><![CDATA[1]]></candenypmreceipts>
		<pmquota><![CDATA[250]]></pmquota>
		<maxpmrecipients><![CDATA[5]]></maxpmrecipients>
		<cansendemail><![CDATA[1]]></cansendemail>
		<cansendemailoverride><![CDATA[0]]></cansendemailoverride>
		<maxemails><![CDATA[5]]></maxemails>
		<canviewmemberlist><![CDATA[1]]></canviewmemberlist>
		<canviewcalendar><![CDATA[1]]></canviewcalendar>
		<canaddevents><![CDATA[0]]></canaddevents>
		<canbypasseventmod><![CDATA[0]]></canbypasseventmod>
		<canmoderateevents><![CDATA[0]]></canmoderateevents>
		<canviewonline><![CDATA[1]]></canviewonline>
		<canviewwolinvis><![CDATA[0]]></canviewwolinvis>
		<canviewonlineips><![CDATA[0]]></canviewonlineips>
		<cancp><![CDATA[0]]></cancp>
		<issupermod><![CDATA[0]]></issupermod>
		<cansearch><![CDATA[1]]></cansearch>
		<canusercp><![CDATA[1]]></canusercp>
		<canuploadavatars><![CDATA[1]]></canuploadavatars>
		<canratemembers><![CDATA[1]]></canratemembers>
		<canchangename><![CDATA[1]]></canchangename>
		<showforumteam><![CDATA[1]]></showforumteam>
		<usereputationsystem><![CDATA[1]]></usereputationsystem>
		<cangivereputations><![CDATA[1]]></cangivereputations>
		<reputationpower><![CDATA[1]]></reputationpower>
		<maxreputationsday><![CDATA[10]]></maxreputationsday>
		<candisplaygroup><![CDATA[1]]></candisplaygroup>
		<attachquota><![CDATA[0]]></attachquota>
		<cancustomtitle><![CDATA[1]]></cancustomtitle>
		<canwarnusers><![CDATA[1]]></canwarnusers>
		<canreceivewarnings><![CDATA[1]]></canreceivewarnings>
		<maxwarningsday><![CDATA[3]]></maxwarningsday>
		<canmodcp><![CDATA[1]]></canmodcp>
		<showinbirthdaylist><![CDATA[1]]></showinbirthdaylist>
		<canoverridepm><![CDATA[0]]></canoverridepm>
		<canusesig><![CDATA[1]]></canusesig>
		<canusesigxposts><![CDATA[0]]></canusesigxposts>
		<signofollow><![CDATA[0]]></signofollow>
	</usergroup>
	<usergroup>
		<gid><![CDATA[7]]></gid>
		<type><![CDATA[1]]></type>
		<title><![CDATA[محروم]]></title>
		<description><![CDATA[گروه پیش‌فرضی که کاربران بعد از اخراج به آن منتقل می‌شوند.]]></description>
		<namestyle><![CDATA[<s>{username}</s>]]></namestyle>
		<usertitle><![CDATA[محروم شده]]></usertitle>
		<stars><![CDATA[0]]></stars>
		<starimage><![CDATA[images/star.gif]]></starimage>
		<image><![CDATA[]]></image>
		<disporder><![CDATA[0]]></disporder>
		<isbannedgroup><![CDATA[1]]></isbannedgroup>
		<canview><![CDATA[0]]></canview>
		<canviewthreads><![CDATA[0]]></canviewthreads>
		<canviewprofiles><![CDATA[0]]></canviewprofiles>
		<candlattachments><![CDATA[0]]></candlattachments>
		<canpostthreads><![CDATA[0]]></canpostthreads>
		<canpostreplys><![CDATA[0]]></canpostreplys>
		<canpostattachments><![CDATA[0]]></canpostattachments>
		<canratethreads><![CDATA[0]]></canratethreads>
		<caneditposts><![CDATA[0]]></caneditposts>
		<candeleteposts><![CDATA[0]]></candeleteposts>
		<candeletethreads><![CDATA[0]]></candeletethreads>
		<caneditattachments><![CDATA[0]]></caneditattachments>
		<canpostpolls><![CDATA[0]]></canpostpolls>
		<canvotepolls><![CDATA[0]]></canvotepolls>
		<canundovotes><![CDATA[0]]></canundovotes>
		<canusepms><![CDATA[1]]></canusepms>
		<cansendpms><![CDATA[0]]></cansendpms>
		<cantrackpms><![CDATA[0]]></cantrackpms>
		<candenypmreceipts><![CDATA[0]]></candenypmreceipts>
		<pmquota><![CDATA[0]]></pmquota>
		<maxpmrecipients><![CDATA[0]]></maxpmrecipients>
		<cansendemail><![CDATA[0]]></cansendemail>
		<cansendemailoverride><![CDATA[0]]></cansendemailoverride>
		<maxemails><![CDATA[5]]></maxemails>
		<canviewmemberlist><![CDATA[0]]></canviewmemberlist>
		<canviewcalendar><![CDATA[0]]></canviewcalendar>
		<canaddevents><![CDATA[0]]></canaddevents>
		<canbypasseventmod><![CDATA[0]]></canbypasseventmod>
		<canmoderateevents><![CDATA[0]]></canmoderateevents>
		<canviewonline><![CDATA[0]]></canviewonline>
		<canviewwolinvis><![CDATA[0]]></canviewwolinvis>
		<canviewonlineips><![CDATA[0]]></canviewonlineips>
		<cancp><![CDATA[0]]></cancp>
		<issupermod><![CDATA[0]]></issupermod>
		<cansearch><![CDATA[0]]></cansearch>
		<canusercp><![CDATA[0]]></canusercp>
		<canuploadavatars><![CDATA[0]]></canuploadavatars>
		<canratemembers><![CDATA[0]]></canratemembers>
		<canchangename><![CDATA[0]]></canchangename>
		<showforumteam><![CDATA[0]]></showforumteam>
		<usereputationsystem><![CDATA[0]]></usereputationsystem>
		<cangivereputations><![CDATA[0]]></cangivereputations>
		<reputationpower><![CDATA[0]]></reputationpower>
		<maxreputationsday><![CDATA[0]]></maxreputationsday>
		<candisplaygroup><![CDATA[1]]></candisplaygroup>
		<attachquota><![CDATA[0]]></attachquota>
		<cancustomtitle><![CDATA[0]]></cancustomtitle>
		<canwarnusers><![CDATA[0]]></canwarnusers>
		<canreceivewarnings><![CDATA[0]]></canreceivewarnings>
		<maxwarningsday><![CDATA[0]]></maxwarningsday>
		<canmodcp><![CDATA[0]]></canmodcp>
		<showinbirthdaylist><![CDATA[0]]></showinbirthdaylist>
		<canoverridepm><![CDATA[0]]></canoverridepm>
		<canusesig><![CDATA[0]]></canusesig>
		<canusesigxposts><![CDATA[0]]></canusesigxposts>
		<signofollow><![CDATA[0]]></signofollow>
	</usergroup>
</usergroups>